{
    "components": [
        {
            "color": "#FF5733",
            "layer": 0,
            "opacity": 0.8999999761581421,
            "rel_height": 0.15000000596046448,
            "rel_width": 0.20000000298023224,
            "rel_x": 0.05847856029868126,
            "rel_y": 0.07941745966672897,
            "type": "base"
        },
        {
            "color": "transparent",
            "layer": 1,
            "opacity": 1.0,
            "rel_height": 0.07112500071525574,
            "rel_width": 0.25562500953674316,
            "rel_x": 0.0,
            "rel_y": 0.8738980889320374,
            "type": "health_bar"
        },
        {
            "color": "transparent",
            "layer": 2,
            "opacity": 0.699999988079071,
            "rel_height": 0.22474998235702515,
            "rel_width": 0.20387500524520874,
            "rel_x": 0.7961249947547913,
            "rel_y": 0.7752500176429749,
            "type": "coordinate"
        },
        {
            "color": "transparent",
            "layer": 3,
            "opacity": 0.800000011920929,
            "rel_height": 1.0,
            "rel_width": 1.0,
            "rel_x": 0.0,
            "rel_y": 0.0,
            "type": "sight"
        }
    ]
}