{
    "components": [
        {
            "color": "#FF5733",
            "layer": 0,
            "opacity": 0.8999999761581421,
            "rel_height": 0.15000000596046448,
            "rel_width": 0.20000000298023224,
            "rel_x": 0.19904716312885284,
            "rel_y": 0.18744215369224548,
            "type": "base"
        },
        {
            "color": "#FFFFFF",
            "layer": 1,
            "opacity": 1.0,
            "rel_height": 0.07112500071525574,
            "rel_width": 0.25562500953674316,
            "rel_x": 0.0,
            "rel_y": 0.9288749694824219,
            "type": "health_bar"
        },
        {
            "color": "transparent",
            "layer": 2,
            "opacity": 0.800000011920929,
            "rel_height": 0.20000000298023224,
            "rel_width": 0.20000000298023224,
            "rel_x": 0.6145131587982178,
            "rel_y": 0.6647758483886719,
            "type": "coordinate"
        }
    ]
}