{
    "components": [
        {
            "color": "#FF5733",
            "layer": 0,
            "opacity": 0.8999999761581421,
            "rel_height": 0.15000000596046448,
            "rel_width": 0.20000000298023224,
            "rel_x": 0.07937389612197876,
            "rel_y": 0.07941745966672897,
            "type": "base"
        },
        {
            "color": "transparent",
            "layer": 1,
            "opacity": 1.0,
            "rel_height": 0.07112500071525574,
            "rel_width": 0.25562500953674316,
            "rel_x": 0.05002215504646301,
            "rel_y": 0.8652175664901733,
            "type": "health_bar"
        },
        {
            "color": "transparent",
            "layer": 2,
            "opacity": 0.800000011920929,
            "rel_height": 0.20000000298023224,
            "rel_width": 0.20000000298023224,
            "rel_x": 0.800000011920929,
            "rel_y": 0.800000011920929,
            "type": "coordinate"
        },
        {
            "color": "transparent",
            "layer": 3,
            "opacity": 0.800000011920929,
            "rel_height": 1.0,
            "rel_width": 1.0,
            "rel_x": 0.0,
            "rel_y": 0.0,
            "type": "sight"
        }
    ]
}